[
  {
    "id": "a5d66d49-b707-495d-9710-08740b837047",
    "data": [
      {
        "text": "mary",
        "meta": "@sys.given-name",
        "alias": "given-name",
        "userDefined": false
      }
    ],
    "isTemplate": false,
    "count": 0,
    "lang": "en",
    "updated": 0
  },
  {
    "id": "38fe45e0-f3cb-4501-bdce-40567d8c4631",
    "data": [
      {
        "text": "john",
        "meta": "@sys.given-name",
        "alias": "given-name",
        "userDefined": false
      }
    ],
    "isTemplate": false,
    "count": 0,
    "lang": "en",
    "updated": 0
  },
  {
    "id": "8ecb6eb7-dde2-4540-b61f-7e03c3d1d8ea",
    "data": [
      {
        "text": "sam",
        "meta": "@sys.given-name",
        "alias": "given-name",
        "userDefined": false
      }
    ],
    "isTemplate": false,
    "count": 0,
    "lang": "en",
    "updated": 0
  }
]