[
  {
    "id": "b938d31f-a30e-4920-864c-d40c0279f9c3",
    "data": [
      {
        "text": "I want to change my name on my hotel reservation.",
        "userDefined": false
      }
    ],
    "isTemplate": false,
    "count": 0,
    "lang": "en",
    "updated": 0
  },
  {
    "id": "faab80ae-a470-48b7-ad77-d543f615722f",
    "data": [
      {
        "text": "I need to change my name on the booking.",
        "userDefined": false
      }
    ],
    "isTemplate": false,
    "count": 0,
    "lang": "en",
    "updated": 0
  },
  {
    "id": "35365d00-5ed7-49b6-820c-af8e64637b77",
    "data": [
      {
        "text": "Can I change my name on my reservation?",
        "userDefined": false
      }
    ],
    "isTemplate": false,
    "count": 0,
    "lang": "en",
    "updated": 0
  },
  {
    "id": "e9340293-da87-4e1d-a3cc-29e253707a9c",
    "data": [
      {
        "text": "I want to change my name on my itinerary.",
        "userDefined": false
      }
    ],
    "isTemplate": false,
    "count": 0,
    "lang": "en",
    "updated": 0
  }
]