[
  {
    "id": "9b319eb3-c056-48a5-98b8-390a162499a2",
    "data": [
      {
        "text": "Hello there. I can assist you with making a reservation or modifying a reservation. How may I help you today?",
        "userDefined": false
      }
    ],
    "isTemplate": false,
    "count": 0,
    "lang": "en",
    "updated": 0
  },
  {
    "id": "9440e655-773e-4755-bfc1-30ee1179d4db",
    "data": [
      {
        "text": "Welcome to Pigeon Travel. I can assist you with making a reservation or modifying a reservation. Which would you like?",
        "userDefined": false
      }
    ],
    "isTemplate": false,
    "count": 0,
    "lang": "en",
    "updated": 0
  }
]